{
  "id": "semi-secret-rolls",
  "title": "Semi-Secret Rolls",
  "version": "0.2.1",
  "manifest": "https://github.com/TactiCool-HUN/semi-secret-rolls/releases/latest/download/module.json",
  "download": "https://github.com/TactiCool-HUN/semi-secret-rolls/releases/download/0.2.1/module.zip",
  "compatibility": {
    "minimum": 13,
    "verified": 13
  },
  "scripts": [
    "scripts/semi-secret-rolls.js"
  ],
  "authors": [
    {
      "name": "Tacti",
      "discord": "tacticool_",
      "flags": {}
    }
  ],
  "url": "https://github.com/TactiCool-HUN/semi-secret-rolls",
  "readme": "https://github.com/TactiCool-HUN/semi-secret-rolls/blob/master/README.md",
  "license": "https://github.com/TactiCool-HUN/semi-secret-rolls/blob/master/LICENSE",
  "systems": [
    {
      "id": "pf2e",
      "type": "system",
      "manifest": "https://github.com/foundryvtt/pf2e/releases/download/latest/system.json"
    }
  ]
}