{
  "id": "semi-secret-rolls",
  "title": "Semi Secret Rolls",
  "version": "0.1.0",
  "manifest": "https://github.com/TactiCool-HUN/semi-secret-rolls/releases/latest/download/module.json",
  "download": "https://github.com/TactiCool-HUN/semi-secret-rolls/releases/download/0.1.0/module.zip",
  "compatibility": {
    "minimum": 12,
    "verified": 13.344
  },
  "scripts": [
    "scripts/semi-secret-rolls.js"
  ],
  "authors": [
    {
      "name": "Tacti",
      "discord": "tacticool_",
      "flags": {}
    }
  ]
}